oestrus.code,female.id,male.id,diad.success.binom,state3,n_suitors,coden,malen,femn,staten
ESH0502,HF039,BJ,1,Guard,6,27,5,26,1
ESH0502,HF039,HM009,0,Pesterer,6,27,66,26,0
ESH0502,HF039,9Q,0,Pesterer,6,27,4,26,0
ESH0502,HF039,HM060,0,Pesterer,6,27,73,26,0
ESH0502,HF039,HM041,0,Pesterer,6,27,71,26,0
ESH0502,HF039,HM034,0,Pesterer,6,27,69,26,0
ESG1503,GF092,GM049,1,Guard,2,22,55,21,1
ESG1503,GF092,GM082,0,Pesterer,2,22,58,21,0
ESG1503,GF135,GM117,0,Guard,2,22,62,23,1
ESG1503,GF135,GM090,1,Pesterer,2,22,61,23,0
ESB1003,BF215,BM216,1,Guard,2,6,22,7,1
ESB1003,BF215,BM111,0,Pesterer,2,6,14,7,0
ESD0701,DF055,DM023,1,Guard,3,15,41,17,1
ESD0701,DF055,DM047,0,Pesterer,3,15,44,17,0
ESD0701,DF055,DM039,0,Pesterer,3,15,43,17,0
ESB0901,BF215,BM028,1,Guard,3,5,7,7,1
ESB0901,BF215,BM029,0,Pesterer,3,5,8,7,0
ESB0901,BF215,BM030,0,Pesterer,3,5,9,7,0
ESB0901,BF338,BM212,1,Guard,3,5,21,9,1
ESB0901,BF338,BM312,0,Guard,3,5,25,9,1
ESB0901,BF338,BM310,0,Pesterer,3,5,24,9,0
ESD0803,DF105,DM054,0,Guard,4,17,45,18,1
ESD0803,DF105,DM047,0,Guard,4,17,44,18,1
ESD0803,DF105,DM084,1,Pesterer,4,17,47,18,0
ESD0803,DF105,DM078,0,Pesterer,4,17,46,18,0
ESB1404,BF484,BM436,0,Guard,4,8,27,11,1
ESB1404,BF484,BM438,1,Guard,4,8,28,11,1
ESB1404,BF484,BM410,0,Pesterer,4,8,26,11,0
ESB1404,BF484,BM500,0,Pesterer,4,8,30,11,0
ESV0802,VF019,KM032,0,Guard,3,40,93,34,1
ESV0802,VF019,KM031,1,Guard,3,40,92,34,1
ESV0802,VF019,KM048,0,Pesterer,3,40,96,34,0
ESV0605,HF021,KM018,0,Guard,2,38,87,25,1
ESV0605,HF021,KM041,1,Pesterer,2,38,94,25,0
ESD0303,Q2,1M,1,Guard,3,12,1,31,1
ESD0303,Q2,8R,0,Guard,3,12,3,31,1
ESD0303,Q2,DM005,0,Pesterer,3,12,40,31,0
ESY1001,YF012,YM021,0,Guard,2,41,104,35,1
ESY1001,YF012,KM053,1,Pesterer,2,41,99,35,0
ESS1204,SF017,SM013,1,Guard,2,36,101,32,1
ESS1204,SF017,SM009,0,Pesterer,2,36,100,32,0
ESD0803,DF055,DM023,1,Guard,2,17,41,17,1
ESD0803,DF055,DM027,1,Pesterer,2,17,42,17,0
ESB1201,BF439,BM410,1,Guard,3,7,26,10,1
ESB1201,BF439,BM436,0,Pesterer,3,7,27,10,0
ESB1201,BF439,BM438,0,Pesterer,3,7,28,10,0
ESV0602,HF021,KM018,1,Guard,6,37,87,25,1
ESV0602,HF021,KM032,0,Guard,6,37,93,25,1
ESV0602,HF021,KM022,0,Guard,6,37,88,25,1
ESV0602,HF021,KM031,0,Pesterer,6,37,92,25,0
ESV0602,HF021,KM051,0,Pesterer,6,37,97,25,0
ESV0602,HF021,KM042,0,Pesterer,6,37,95,25,0
ESV0602,VF019,KM048,0,Guard,6,37,96,34,1
ESV0602,VF019,KM052,0,Guard,6,37,98,34,1
ESV0602,VF019,KM032,0,Guard,6,37,93,34,1
ESV0602,VF019,KM051,0,Pesterer,6,37,97,34,0
ESV0602,VF019,KM042,1,Pesterer,6,37,95,34,0
ESV0602,VF019,KM041,0,Pesterer,6,37,94,34,0
ESD0404,DF006,X6,1,Guard,2,13,102,15,1
ESD0404,DF006,1M,0,Pesterer,2,13,1,15,0
ESG1303,GF096,GM087,0,Guard,2,20,59,22,1
ESG1303,GF096,GM049,1,Pesterer,2,20,55,22,0
ESB0301,BF100,BM020,0,Guard,6,1,6,5,1
ESB0301,BF100,BM111,0,Guard,6,1,14,5,1
ESB0301,BF100,BM069,0,Guard,6,1,12,5,1
ESB0301,BF100,BM097,0,Pesterer,6,1,13,5,0
ESB0301,BF100,BM028,1,Pesterer,6,1,7,5,0
ESB0301,BF100,BM029,0,Pesterer,6,1,8,5,0
ESD0801,DF006,DM023,1,Guard,2,16,41,15,1
ESD0801,DF006,DM027,0,Pesterer,2,16,42,15,0
ESB0403,9B,8B,1,Guard,3,2,2,2,1
ESB0403,9B,BM183,0,Pesterer,3,2,18,2,0
ESB0403,9B,BM036,0,Pesterer,3,2,10,2,0
ESB0504,8X,8B,1,Guard,4,3,2,1,1
ESB0504,8X,BM054,0,Guard,4,3,11,1,1
ESB0504,8X,BM139,0,Pesterer,4,3,16,1,0
ESB0504,8X,BM210,0,Pesterer,4,3,19,1,0
ESH0305,C8,9Q,1,Guard,2,25,4,14,1
ESH0305,C8,HM013,0,Pesterer,2,25,67,14,0
ESB0403,BF162,BM028,0,Guard,6,2,7,6,1
ESB0403,BF162,BM029,0,Guard,6,2,8,6,1
ESB0403,BF162,BM054,0,Guard,6,2,11,6,1
ESB0403,BF162,BM036,0,Pesterer,6,2,10,6,0
ESB0403,BF162,BM030,1,Pesterer,6,2,9,6,0
ESB0403,BF162,BM111,0,Pesterer,6,2,14,6,0
ESB0403,8X,8B,1,Guard,7,2,2,1,1
ESB0403,8X,BM030,0,Guard,7,2,9,1,1
ESB0403,8X,BM157,0,Guard,7,2,17,1,1
ESB0403,8X,BM111,0,Pesterer,7,2,14,1,0
ESB0403,8X,BM020,0,Pesterer,7,2,6,1,0
ESB0403,8X,BM132,0,Pesterer,7,2,15,1,0
ESB0403,8X,BM069,0,Pesterer,7,2,12,1,0
ESK0502,AV,CM011,0,Guard,6,35,39,4,1
ESK0502,AV,BQ,1,Pesterer,6,35,37,4,0
ESK0502,AV,KM024,0,Guard,6,35,90,4,1
ESK0502,AV,Y8,0,Pesterer,6,35,103,4,0
ESK0502,AV,KM018,0,Pesterer,6,35,87,4,0
ESK0502,AV,KM023,0,Pesterer,6,35,89,4,0
ESK0502,AU,CM011,0,Guard,2,35,39,3,1
ESK0502,AU,BQ,1,Pesterer,2,35,37,3,0
ESH0304,C8,BT,1,Guard,5,24,38,14,1
ESH0304,C8,9Q,1,Guard,5,24,4,14,1
ESH0304,C8,HM002,0,Pesterer,5,24,64,14,0
ESH0304,C8,HM009,0,Pesterer,5,24,66,14,0
ESH0304,C8,HM013,0,Pesterer,5,24,67,14,0
ESD0303,DF017,X6,1,Guard,3,12,102,16,1
ESD0303,DF017,DM005,0,Pesterer,3,12,40,16,0
ESD0303,DF017,DM023,0,Pesterer,3,12,41,16,0
ESV0606,VF010,KM042,0,Pesterer,6,39,95,33,0
ESV0606,VF010,KM041,1,Guard,6,39,94,33,1
ESV0606,VF010,KM022,0,Guard,6,39,88,33,1
ESV0606,VF010,KM032,0,Guard,6,39,93,33,1
ESV0606,VF010,KM052,0,Pesterer,6,39,98,33,0
ESV0606,VF010,KM051,0,Pesterer,6,39,97,33,0
ESD1304,DF139,DM126,1,Guard,6,19,48,19,1
ESD1304,DF139,DM198,0,Guard,6,19,52,19,1
ESD1304,DF139,DM193,0,Guard,6,19,51,19,1
ESD1304,DF139,DM165,0,Pesterer,6,19,49,19,0
ESD1304,DF139,DM202,0,Pesterer,6,19,53,19,0
ESD1304,DF139,DM192,0,Pesterer,6,19,50,19,0
ESD1304,DF169,DM198,0,Guard,6,19,52,20,1
ESD1304,DF169,DM126,1,Guard,6,19,48,20,1
ESD1304,DF169,DM165,0,Guard,6,19,49,20,1
ESD1304,DF169,DM027,0,Guard,6,19,42,20,1
ESD1304,DF169,DM220,0,Pesterer,6,19,54,20,0
ESD1304,DF169,DM202,0,Pesterer,6,19,53,20,0
ESB1404,BF627,BM564,1,Guard,2,8,32,12,1
ESB1404,BF627,BM638,0,Pesterer,2,8,34,12,0
ESV0606,HF021,KM018,1,Guard,4,39,87,25,1
ESV0606,HF021,KM048,0,Guard,4,39,96,25,1
ESV0606,HF021,KM032,0,Pesterer,4,39,93,25,0
ESV0606,HF021,KM052,0,Pesterer,4,39,98,25,0
ESH0401,M3,9Q,1,Guard,6,26,4,30,1
ESH0401,M3,HM002,0,Pesterer,6,26,64,30,0
ESH0401,M3,HM013,0,Pesterer,6,26,67,30,0
ESH0401,M3,HM009,0,Pesterer,6,26,66,30,0
ESH0401,M3,BJ,0,Pesterer,6,26,5,30,0
ESH0401,M3,HM028,0,Pesterer,6,26,68,30,0
ESH0904,HF178,HM136,0,Guard,4,30,76,27,1
ESH0904,HF178,HM140,0,Guard,4,30,77,27,1
ESH0904,HF178,HM098,0,Guard,4,30,74,27,1
ESH0904,HF178,HM163,1,Pesterer,4,30,78,27,0
ESV0602,VF010,KM041,1,Guard,5,37,94,33,1
ESV0602,VF010,KM018,0,Guard,5,37,87,33,1
ESV0602,VF010,KM031,0,Guard,5,37,92,33,1
ESV0602,VF010,KM042,0,Pesterer,5,37,95,33,0
ESV0602,VF010,KM022,0,Pesterer,5,37,88,33,0
ESV0602,HF016,KM048,0,Guard,7,37,96,24,1
ESV0602,HF016,KM031,1,Guard,7,37,92,24,1
ESV0602,HF016,KM042,0,Guard,7,37,95,24,1
ESV0602,HF016,KM051,0,Pesterer,7,37,97,24,0
ESV0602,HF016,KM032,0,Pesterer,7,37,93,24,0
ESV0602,HF016,KM041,0,Pesterer,7,37,94,24,0
ESD0502,DF006,X6,1,Guard,2,14,102,15,1
ESD0502,DF006,DM047,0,Pesterer,2,14,44,15,0
ESB0504,BF162,BM036,0,Pesterer,8,3,10,6,0
ESB0504,BF162,BM069,0,Guard,8,3,12,6,1
ESB0504,BF162,BM211,0,Guard,8,3,20,6,1
ESB0504,BF162,BM030,0,Guard,8,3,9,6,1
ESB0504,BF162,BM139,0,Pesterer,8,3,16,6,0
ESB0504,BF162,BM029,1,Pesterer,8,3,8,6,0
ESB0504,BF162,BM210,0,Pesterer,8,3,19,6,0
ESB0504,BF162,BM212,0,Pesterer,8,3,21,6,0
ESV0606,HF016,KM031,1,Guard,5,39,92,24,1
ESV0606,HF016,KM032,0,Guard,5,39,93,24,1
ESV0606,HF016,KM048,0,Guard,5,39,96,24,1
ESV0606,HF016,KM022,0,Guard,5,39,88,24,1
ESV0606,HF016,KM042,0,Pesterer,5,39,95,24,0
ESB1503,BF627,BM455,1,Guard,2,9,29,12,1
ESB1503,BF627,BM667,0,Pesterer,2,9,35,12,0
ESH1803b,HF285,HM217,1,Guard,3,33,79,28,1
ESH1803a,HF285,HM217,1,Guard,4,32,79,28,1
ESH1803b,HF285,HM310,0,Guard,3,33,84,28,1
ESH1803b,HF285,HM246,0,Pesterer,3,33,81,28,0
ESH1803a,HF285,HM291,0,Pesterer,4,32,83,28,0
ESH1803a,HF285,HM275,0,Pesterer,4,32,82,28,0
ESH1803a,HF285,HM312,0,Pesterer,4,32,85,28,0
ESH1803b,HF344,HM310,1,Guard,3,33,84,29,1
ESH1803b,HF344,HM312,0,Guard,3,33,85,29,1
ESH1803b,HF344,HM314,0,Pesterer,3,33,86,29,0
ESB0604,BF262,BM228,0,Guard,4,4,23,8,1
ESB0604,BF262,BM211,0,Guard,4,4,20,8,1
ESB0604,BF262,BM212,1,Pesterer,4,4,21,8,0
ESB0604,BF262,BM216,0,Pesterer,4,4,22,8,0
ESG1405,GF096,GM049,1,Guard,6,21,55,22,1
ESG1405,GF096,GM089,0,Guard,6,21,60,22,1
ESG1405,GF096,GM087,0,Guard,6,21,59,22,1
ESG1405,GF096,GM065,0,Guard,6,21,57,22,1
ESG1405,GF096,GM090,0,Pesterer,6,21,61,22,0
ESG1405,GF096,GM060,0,Pesterer,6,21,56,22,0
ESH0603,HF039,BJ,1,Guard,4,28,5,26,1
ESH0603,HF039,HM005,0,Guard,4,28,65,26,1
ESH0603,HF039,HM009,0,Pesterer,4,28,66,26,0
ESH0603,HF039,HM038,0,Pesterer,4,28,70,26,0
ESH0608,HF039,BJ,1,Guard,2,29,5,26,1
ESH0608,HF039,HM043,0,Pesterer,2,29,72,26,0
ESB1804,BF674,BM620,0,Guard,2,10,33,13,1
ESB1804,BF674,BM500,1,Pesterer,2,10,30,13,0
ESH1605,HF178,HM117,1,Guard,2,31,75,27,1
ESH1605,HF178,HM223,0,Pesterer,2,31,80,27,0
ESG1802,GF096,GM060,1,Guard,2,23,56,22,1
ESG1802,GF096,GM152,0,Pesterer,2,23,63,22,0
ESK0501,AU,CM011,0,Guard,3,34,39,3,1
ESK0501,AU,BQ,1,Guard,3,34,37,3,1
ESK0501,AU,KM026,0,Pesterer,3,34,91,3,0
ESK0501,AV,Y8,1,Guard,2,34,103,4,1
ESK0501,AV,KM018,0,Pesterer,2,34,87,4,0
ESD1103,DF055,DM047,0,Guard,3,18,44,17,1
ESD1103,DF055,DM023,1,Pesterer,3,18,41,17,0
ESD1103,DF055,DM027,1,Pesterer,3,18,42,17,0
ESB1805,BF627,BM564,1,Guard,3,11,32,12,1
ESB1805,BF627,BM709,0,Guard,3,11,36,12,1
ESB1805,BF627,BM558,0,Pesterer,3,11,31,12,0
